{"cameraMode":{"drawMode":0,"name":"Shaded","section":"Shading Mode"},"sceneLighting":false,"audioPlay":false,"sceneViewState":{"m_AlwaysRefresh":false,"showFog":true,"showSkybox":false,"showFlares":true,"showImageEffects":true,"showParticleSystems":true,"showVisualEffectGraphs":true,"m_FxEnabled":true},"in2DMode":false,"pivot":{"x":-0.4402761459350586,"y":0.9178551435470581,"z":2.584808111190796},"rotation":{"x":0.02353929542005062,"y":-0.7003331780433655,"z":0.02311944216489792,"w":0.7130538821220398},"size":1.2548351287841797,"orthographic":true}